{
  "blank": {
    "js": "blank.chunk.js"
  },
  "datepicker": {
    "js": "datepicker.chunk.js"
  },
  "datepickerrange": {
    "js": "datepickerrange.chunk.js"
  },
  "texteditor": {
    "js": "texteditor.chunk.js"
  },
  "recaptcha": {
    "js": "recaptcha.chunk.js"
  },
  "redrag": {
    "js": "redrag.chunk.js"
  },
  "select": {
    "js": "select.chunk.js"
  },
  "selectbox": {
    "js": "selectbox.chunk.js"
  },
  "openinghour": {
    "js": "openinghour.chunk.js"
  },
  "password": {
    "js": "password.chunk.js"
  },
  "tags": {
    "js": "tags.chunk.js"
  },
  "reactiveAutoSearch": {
    "js": "reactiveAutoSearch.chunk.js"
  },
  "pagination": {
    "js": "pagination.chunk.js"
  },
  "inputMask": {
    "js": "inputMask.chunk.js"
  },
  "slideralt": {
    "js": "slideralt.chunk.js"
  },
  "geobox": {
    "js": "geobox.chunk.js"
  },
  "sort": {
    "js": "sort.chunk.js"
  },
  "selectgroup": {
    "js": "selectgroup.chunk.js"
  },
  "iconpicker": {
    "js": "iconpicker.chunk.js"
  },
  "rating": {
    "js": "rating.chunk.js"
  },
  "timeperiod": {
    "js": "timeperiod.chunk.js"
  },
  "mapautocomplete": {
    "js": "mapautocomplete.chunk.js"
  },
  "countdown": {
    "js": "countdown.chunk.js"
  },
  "switchalt": {
    "js": "switchalt.chunk.js"
  },
  "textarea": {
    "js": "textarea.chunk.js"
  },
  "radio": {
    "js": "radio.chunk.js"
  },
  "imageupload": {
    "js": "imageupload.chunk.js"
  },
  "fileupload": {
    "js": "fileupload.chunk.js"
  },
  "comboselect": {
    "js": "comboselect.chunk.js"
  },
  "combobox": {
    "js": "combobox.chunk.js"
  },
  "checkbox": {
    "js": "checkbox.chunk.js"
  },
  "text": {
    "js": "text.chunk.js"
  },
  "slider": {
    "js": "slider.chunk.js"
  },
  "text-repeat": {
    "js": "text-repeat.chunk.js"
  },
  "multipleSwitch": {
    "js": "multipleSwitch.chunk.js"
  },
  "minmaxbutton": {
    "js": "minmaxbutton.chunk.js"
  },
  "imageuploadalt": {
    "js": "imageuploadalt.chunk.js"
  },
  "iconselect": {
    "js": "iconselect.chunk.js"
  },
  "colorpicker": {
    "js": "colorpicker.chunk.js"
  },
  "label": {
    "js": "label.chunk.js"
  },
  "atag": {
    "js": "atag.chunk.js"
  },
  "compoundbutton": {
    "js": "compoundbutton.chunk.js"
  },
  "reuse": {
    "js": "reuse.js",
    "css": "../css/reuse-form-two.css"
  },
  "vendor": {
    "js": "reuse_vendor.js"
  }
}